{"cameraMode":{"drawMode":0,"name":"Shaded","section":"Shading Mode"},"sceneLighting":true,"audioPlay":false,"sceneViewState":{"showFog":true,"showMaterialUpdate":false,"showSkybox":false,"showFlares":true,"showImageEffects":true,"showParticleSystems":true},"in2DMode":false,"pivot":{"x":672.665771484375,"y":54.67024230957031,"z":764.3033447265625},"rotation":{"x":0.07094786316156388,"y":0.5586194396018982,"z":-0.04808533191680908,"w":0.8250333070755005},"size":5.814693927764893,"orthographic":false}