{"cameraMode":{"drawMode":0,"name":"Shaded","section":"Shading Mode"},"sceneLighting":true,"audioPlay":false,"sceneViewState":{"showFog":true,"showMaterialUpdate":false,"showSkybox":false,"showFlares":true,"showImageEffects":true,"showParticleSystems":true},"in2DMode":false,"pivot":{"x":2.3515987396240236,"y":2.6617178916931154,"z":2.5171432495117189},"rotation":{"x":0.20905138552188874,"y":0.2911456525325775,"z":-0.06534826755523682,"w":0.9313021302223206},"size":6.190904140472412,"orthographic":false}