{"cameraMode":{"drawMode":0,"name":"Shaded","section":"Shading Mode"},"sceneLighting":true,"audioPlay":false,"sceneViewState":{"showFog":true,"showMaterialUpdate":false,"showSkybox":true,"showFlares":true,"showImageEffects":true,"showParticleSystems":true},"in2DMode":false,"pivot":{"x":128.33560180664063,"y":80.20475769042969,"z":142.897216796875},"rotation":{"x":0.17470891773700715,"y":-0.21488156914710999,"z":0.03910110518336296,"w":0.9601017236709595},"size":139.81582641601563,"orthographic":false}