{"cameraMode":{"drawMode":0,"name":"Shaded","section":"Shading Mode"},"sceneLighting":true,"audioPlay":false,"sceneViewState":{"showFog":true,"showMaterialUpdate":false,"showSkybox":true,"showFlares":true,"showImageEffects":true,"showParticleSystems":true},"in2DMode":false,"pivot":{"x":303.3294677734375,"y":-98.42975616455078,"z":617.6649780273438},"rotation":{"x":-0.15804989635944367,"y":0.08490123599767685,"z":-0.013642913661897183,"w":-0.9836838245391846},"size":467.061279296875,"orthographic":false}