{"cameraMode":{"drawMode":0,"name":"Shaded","section":"Shading Mode"},"sceneLighting":true,"audioPlay":false,"sceneViewState":{"showFog":true,"showMaterialUpdate":false,"showSkybox":true,"showFlares":true,"showImageEffects":true,"showParticleSystems":true},"in2DMode":false,"pivot":{"x":80.3592758178711,"y":-50.136348724365237,"z":182.3467254638672},"rotation":{"x":0.2053375244140625,"y":-0.13427646458148957,"z":0.028452834114432336,"w":0.969032883644104},"size":403.664794921875,"orthographic":false}