{"cameraMode":{"drawMode":0,"name":"Shaded","section":"Shading Mode"},"sceneLighting":true,"audioPlay":false,"sceneViewState":{"showFog":true,"showMaterialUpdate":false,"showSkybox":true,"showFlares":true,"showImageEffects":true,"showParticleSystems":true},"in2DMode":false,"pivot":{"x":16.437788009643556,"y":-4.535775184631348,"z":8.42686653137207},"rotation":{"x":-0.24807922542095185,"y":0.7133244872093201,"z":-0.3047387897968292,"w":-0.5804247856140137},"size":13.882140159606934,"orthographic":false}