{"cameraMode":{"drawMode":0,"name":"Shaded","section":"Shading Mode"},"sceneLighting":true,"audioPlay":false,"sceneViewState":{"showFog":true,"showMaterialUpdate":false,"showSkybox":true,"showFlares":true,"showImageEffects":true,"showParticleSystems":true},"in2DMode":false,"pivot":{"x":26.043867111206056,"y":3.318730354309082,"z":10.214759826660157},"rotation":{"x":0.15009279549121858,"y":0.2867669463157654,"z":-0.04554159939289093,"w":0.9450769424438477},"size":15.672456741333008,"orthographic":false}