{"cameraMode":{"drawMode":0,"name":"Shaded","section":"Shading Mode"},"sceneLighting":true,"audioPlay":false,"sceneViewState":{"showFog":true,"showMaterialUpdate":false,"showSkybox":true,"showFlares":true,"showImageEffects":true,"showParticleSystems":true},"in2DMode":false,"pivot":{"x":523.4598999023438,"y":15.505067825317383,"z":270.73089599609377},"rotation":{"x":-0.40803030133247378,"y":0.007392811588943005,"z":-0.0033043099101632835,"w":-0.912933886051178},"size":143.67637634277345,"orthographic":false}