{"cameraMode":{"drawMode":0,"name":"Shaded","section":"Shading Mode"},"sceneLighting":false,"audioPlay":false,"sceneViewState":{"showFog":true,"showMaterialUpdate":false,"showSkybox":false,"showFlares":true,"showImageEffects":true,"showParticleSystems":true},"in2DMode":false,"pivot":{"x":-0.017236828804016115,"y":-0.28680384159088137,"z":0.1446394920349121},"rotation":{"x":-0.40803030133247378,"y":0.007392811588943005,"z":-0.0033043099101632835,"w":-0.912933886051178},"size":0.7492672801017761,"orthographic":false}