{"cameraMode":{"drawMode":0,"name":"Shaded","section":"Shading Mode"},"sceneLighting":true,"audioPlay":false,"sceneViewState":{"showFog":true,"showMaterialUpdate":false,"showSkybox":true,"showFlares":true,"showImageEffects":true,"showParticleSystems":true},"in2DMode":false,"pivot":{"x":163.39215087890626,"y":-1.0465114116668702,"z":44.03792190551758},"rotation":{"x":-0.045371487736701968,"y":-0.24412801861763,"z":0.01145573053508997,"w":-0.9686362743377686},"size":40.010372161865237,"orthographic":false}