{"cameraMode":{"drawMode":0,"name":"Shaded","section":"Shading Mode"},"sceneLighting":true,"audioPlay":false,"sceneViewState":{"showFog":true,"showMaterialUpdate":false,"showSkybox":true,"showFlares":true,"showImageEffects":true,"showParticleSystems":true},"in2DMode":false,"pivot":{"x":143.4663848876953,"y":-11.334512710571289,"z":29.658823013305665},"rotation":{"x":-0.24954409897327424,"y":-0.20667454600334168,"z":0.05464479327201843,"w":-0.9445115327835083},"size":40.010372161865237,"orthographic":false}