{"cameraMode":{"drawMode":0,"name":"Shaded","section":"Shading Mode"},"sceneLighting":true,"audioPlay":false,"sceneViewState":{"showFog":true,"showMaterialUpdate":false,"showSkybox":true,"showFlares":true,"showImageEffects":true,"showParticleSystems":true},"in2DMode":false,"pivot":{"x":154.76547241210938,"y":-383.0480651855469,"z":130.71826171875},"rotation":{"x":0.7050308585166931,"y":0.23426583409309388,"z":-0.26952800154685976,"w":0.6127461791038513},"size":518.9833374023438,"orthographic":false}