{"cameraMode":{"drawMode":0,"name":"Shaded","section":"Shading Mode"},"sceneLighting":true,"audioPlay":false,"sceneViewState":{"showFog":true,"showMaterialUpdate":false,"showSkybox":true,"showFlares":true,"showImageEffects":true,"showParticleSystems":true},"in2DMode":false,"pivot":{"x":52.21581268310547,"y":4.999278545379639,"z":37.48108673095703},"rotation":{"x":-0.2247757613658905,"y":-0.030945295467972757,"z":0.006867609452456236,"w":-0.9739494323730469},"size":4.735754013061523,"orthographic":false}