{"cameraMode":{"drawMode":0,"name":"Shaded","section":"Shading Mode"},"sceneLighting":true,"audioPlay":false,"sceneViewState":{"showFog":true,"showMaterialUpdate":false,"showSkybox":true,"showFlares":true,"showImageEffects":true,"showParticleSystems":true},"in2DMode":false,"pivot":{"x":14.907374382019043,"y":-67.90499877929688,"z":158.90821838378907},"rotation":{"x":-0.25387129187583926,"y":0.19124539196491242,"z":-0.05297771841287613,"w":-0.9471508860588074},"size":175.87913513183595,"orthographic":false}